Year,Host_Country
1896,Greece
1900,France
1904,USA
1906,Greece
1908,UK
1912,Sweden
1920,Belgium
1924,France
1928,Netherlands
1932,USA
1936,Germany
1948,UK
1952,Finland
1956,Australia
1960,Italy
1964,Japan
1968,Mexico
1972,Germany
1976,Canada
1980,Russia
1984,USA
1988,South Korea
1992,Spain
1996,USA
2000,Australia
2004,Greece
2008,China
2012,UK
2016,Brazil